folder,item,file,source,status,message
大红,海洋之泪,大红\海洋之泪.png,https://playerhub.df.qq.com/playerhub/60004/object/p_15080050142.png,downloaded,
大红,非洲之心,大红\非洲之心.png,https://playerhub.df.qq.com/playerhub/60004/object/p_15080050006.png,downloaded,
大红,复苏呼吸机,大红\复苏呼吸机.png,https://playerhub.df.qq.com/playerhub/60004/object/p_15080050097.png,downloaded,
大红,微型反应炉,大红\微型反应炉.png,https://playerhub.df.qq.com/playerhub/60004/object/p_15080050098.png,downloaded,
大红,装甲车电池,大红\装甲车电池.png,https://playerhub.df.qq.com/playerhub/60004/object/p_15080050099.png,downloaded,
大红,ECMO,大红\ECMO.png,https://playerhub.df.qq.com/playerhub/60004/object/p_15080050128.png,downloaded,
大红,“纵横”,大红\“纵横”.png,https://playerhub.df.qq.com/playerhub/60004/object/p_15080050123.png,downloaded,
大红,万金泪冠,大红\万金泪冠.png,https://playerhub.df.qq.com/playerhub/60004/object/p_15080050121.png,downloaded,
大红,笔记本电脑,大红\笔记本电脑.png,https://playerhub.df.qq.com/playerhub/60004/object/p_15030050007.png,downloaded,
大红,飞行记录仪,大红\飞行记录仪.png,https://playerhub.df.qq.com/playerhub/60004/object/p_15030050014.png,downloaded,
大红,主战坦克模型,大红\主战坦克模型.png,https://playerhub.df.qq.com/playerhub/60004/object/p_15080050040.png,downloaded,
大红,试制聚变供能单元,大红\试制聚变供能单元.png,https://playerhub.df.qq.com/playerhub/60004/object/p_15080050176.png,downloaded,
大红,便携军用雷达,大红\便携军用雷达.png,https://playerhub.df.qq.com/playerhub/60004/object/p_15080050031.png,downloaded,
大红,印象派名画,大红\印象派名画.png,https://playerhub.df.qq.com/playerhub/60004/object/p_15080050166.png,downloaded,
大红,绝密服务器,大红\绝密服务器.png,https://playerhub.df.qq.com/playerhub/60004/object/p_15080050044.png,downloaded,
大红,强化碳纤维板,大红\强化碳纤维板.png,https://playerhub.df.qq.com/playerhub/60004/object/p_15020010031.png,downloaded,
大红,扫拖一体机器人,大红\扫拖一体机器人.png,https://playerhub.df.qq.com/playerhub/60004/object/p_15080050066.png,downloaded,
大红,曼德尔超算单元,大红\曼德尔超算单元.png,https://playerhub.df.qq.com/playerhub/60004/object/p_15080050030.png,downloaded,
大红,动力电池组,大红\动力电池组.png,https://playerhub.df.qq.com/playerhub/60004/object/p_15080050100.png,downloaded,
大红,高速磁盘阵列,大红\高速磁盘阵列.png,https://playerhub.df.qq.com/playerhub/60004/object/p_15030050012.png,downloaded,
大红,名窑瓷器,大红\名窑瓷器.png,https://playerhub.df.qq.com/playerhub/60004/object/p_15080050184.png,downloaded,
大红,军用电台,大红\军用电台.png,https://playerhub.df.qq.com/playerhub/60004/object/p_15030050004.png,downloaded,
大红,军用炮弹,大红\军用炮弹.png,https://playerhub.df.qq.com/playerhub/60004/object/p_15030050017.png,downloaded,
大红,刀片服务器,大红\刀片服务器.png,https://playerhub.df.qq.com/playerhub/60004/object/p_15030050008.png,downloaded,
大红,自动体外除颤器,大红\自动体外除颤器.png,https://playerhub.df.qq.com/playerhub/60004/object/p_15080050058.png,downloaded,
大红,云存储阵列,大红\云存储阵列.png,https://playerhub.df.qq.com/playerhub/60004/object/p_15080050061.png,downloaded,
大红,强力吸尘器,大红\强力吸尘器.png,https://playerhub.df.qq.com/playerhub/60004/object/p_15080050067.png,downloaded,
大红,步战车模型,大红\步战车模型.png,https://playerhub.df.qq.com/playerhub/60004/object/p_15080050041.png,downloaded,
大红,雷斯的留声机,大红\雷斯的留声机.png,https://playerhub.df.qq.com/playerhub/60004/object/p_15080050120.png,downloaded,
大红,医疗机械人,大红\医疗机械人.png,https://playerhub.df.qq.com/playerhub/60004/object/p_15080050113.png,downloaded,
大红,克劳迪乌斯半身像,大红\克劳迪乌斯半身像.png,https://playerhub.df.qq.com/playerhub/60004/object/p_15040050002.png,downloaded,
大红,电子脚镣,大红\电子脚镣.png,https://playerhub.df.qq.com/playerhub/60004/object/p_15080050175.png,downloaded,
大红,军用信息终端,大红\军用信息终端.png,https://playerhub.df.qq.com/playerhub/60004/object/p_15080050032.png,downloaded,
大红,飞秒激光器,大红\飞秒激光器.png,https://playerhub.df.qq.com/playerhub/60004/object/p_15080050211.png,downloaded,
大红,滑膛枪展品,大红\滑膛枪展品.png,https://playerhub.df.qq.com/playerhub/60004/object/p_15080050003.png,downloaded,
大红,便携式生命支持系统,大红\便携式生命支持系统.png,https://playerhub.df.qq.com/playerhub/60004/object/p_15080050187.png,downloaded,
大红,摄影机,大红\摄影机.png,https://playerhub.df.qq.com/playerhub/60004/object/p_15030010012.png,downloaded,
大红,“天圆地方”,大红\“天圆地方”.png,https://playerhub.df.qq.com/playerhub/60004/object/p_15080050122.png,downloaded,
大红,高能瓦斯罐,大红\高能瓦斯罐.png,https://playerhub.df.qq.com/playerhub/60004/object/p_15080050177.png,downloaded,
大红,军用无人机,大红\军用无人机.png,https://playerhub.df.qq.com/playerhub/60004/object/p_15030050002.png,downloaded,
大红,黄金鳄鱼头雕像,大红\黄金鳄鱼头雕像.png,https://playerhub.df.qq.com/playerhub/60004/object/p_15080050185.png,downloaded,
大红,已封存音源,大红\已封存音源.png,https://playerhub.df.qq.com/playerhub/60004/object/p_15080050170.png,downloaded,
大红,呼吸机,大红\呼吸机.png,https://playerhub.df.qq.com/playerhub/60004/object/p_15060040004.png,downloaded,
大红,黄金瞪羚,大红\黄金瞪羚.png,https://playerhub.df.qq.com/playerhub/60004/object/p_15010050001.png,downloaded,
大红,军用控制终端,大红\军用控制终端.png,https://playerhub.df.qq.com/playerhub/60004/object/p_15030050018.png,downloaded,
大红,棘龙爪化石,大红\棘龙爪化石.png,https://playerhub.df.qq.com/playerhub/60004/object/p_15080040001.png,downloaded,
大红,奥莉薇娅香槟,大红\奥莉薇娅香槟.png,https://playerhub.df.qq.com/playerhub/60004/object/p_15060080015.png,downloaded,
大红,显卡,大红\显卡.png,https://playerhub.df.qq.com/playerhub/60004/object/p_15030050001.png,downloaded,
大红,万足金条,大红\万足金条.png,https://playerhub.df.qq.com/playerhub/60004/object/p_15080050010.png,downloaded,
大红,潮汐监狱地图-4,大红\潮汐监狱地图-4.png,https://playerhub.df.qq.com/playerhub/60004/object/p_15080050151.png,downloaded,
大红,高级护甲维修组合,大红\高级护甲维修组合.png,https://playerhub.df.qq.com/playerhub/60004/object/p_14060000004.png,downloaded,
大红,量子存储,大红\量子存储.png,https://playerhub.df.qq.com/playerhub/60004/object/p_15070050001.png,downloaded,
大红,高级头盔维修组合,大红\高级头盔维修组合.png,https://playerhub.df.qq.com/playerhub/60004/object/p_14060000003.png,downloaded,
大红,实验数据,大红\实验数据.png,https://playerhub.df.qq.com/playerhub/60004/object/p_15070040003.png,downloaded,
大红,超声波切割刀,大红\超声波切割刀.png,https://playerhub.df.qq.com/playerhub/60004/object/p_15080050178.png,downloaded,
大红,赛伊德的怀表,大红\赛伊德的怀表.png,https://playerhub.df.qq.com/playerhub/60004/object/p_15080050014.png,downloaded,
大红,名贵机械表,大红\名贵机械表.png,https://playerhub.df.qq.com/playerhub/60004/object/p_15080050042.png,downloaded,
大红,Alpha脑机实验数据-渡鸦,大红\Alpha脑机实验数据-渡鸦.png,https://playerhub.df.qq.com/playerhub/60004/object/p_15080050161.png,downloaded,
大红,鎏金卡牌,大红\鎏金卡牌.png,https://playerhub.df.qq.com/playerhub/60004/object/p_15200000060.png,downloaded,
大红,定位接收器,大红\定位接收器.png,https://playerhub.df.qq.com/playerhub/60004/object/p_15080050167.png,downloaded,
大红,恒星敏感器,大红\恒星敏感器.png,https://playerhub.df.qq.com/playerhub/60004/object/p_15080050186.png,downloaded,
大红,“钻石”鱼子酱,大红\“钻石”鱼子酱.png,https://playerhub.df.qq.com/playerhub/60004/object/p_15080050131.png,downloaded,
金,阵列服务器,金\阵列服务器.png,https://playerhub.df.qq.com/playerhub/60004/object/p_15080050062.png,downloaded,
金,航天冷却剂,金\航天冷却剂.png,https://playerhub.df.qq.com/playerhub/60004/object/p_15080050210.png,downloaded,
金,大型电台,金\大型电台.png,https://playerhub.df.qq.com/playerhub/60004/object/p_15080050088.png,downloaded,
金,本地特色首饰,金\本地特色首饰.png,https://playerhub.df.qq.com/playerhub/60004/object/p_15080050082.png,downloaded,
金,燃料电池,金\燃料电池.png,https://playerhub.df.qq.com/playerhub/60004/object/p_15020010036.png,downloaded,
金,盒装挂耳咖啡,金\盒装挂耳咖啡.png,https://playerhub.df.qq.com/playerhub/60004/object/p_15080050071.png,downloaded,
金,电子氟化液,金\电子氟化液.png,https://playerhub.df.qq.com/playerhub/60004/object/p_15080050190.png,downloaded,
金,军用卫星通讯仪,金\军用卫星通讯仪.png,https://playerhub.df.qq.com/playerhub/60004/object/p_15080050033.png,downloaded,
金,脑机头戴设备,金\脑机头戴设备.png,https://playerhub.df.qq.com/playerhub/60004/object/p_15080050189.png,downloaded,
金,座钟,金\座钟.png,https://playerhub.df.qq.com/playerhub/60004/object/p_15080050083.png,downloaded,
金,移动电缆,金\移动电缆.png,https://playerhub.df.qq.com/playerhub/60004/object/p_15040010023.png,downloaded,
金,战地医疗箱,金\战地医疗箱.png,https://playerhub.df.qq.com/playerhub/60004/object/p_14020000006.png,downloaded,
金,精密护甲维修包,金\精密护甲维修包.png,https://playerhub.df.qq.com/playerhub/60004/object/p_14060000002.png,downloaded,
金,便携氧气筒,金\便携氧气筒.png,https://playerhub.df.qq.com/playerhub/60004/object/p_15080050192.png,downloaded,
金,军用地图匣,金\军用地图匣.png,https://playerhub.df.qq.com/playerhub/60004/object/p_15080050171.png,downloaded,
金,高性能燃油,金\高性能燃油.png,https://playerhub.df.qq.com/playerhub/60004/object/p_15080050169.png,downloaded,
金,珠宝头冠,金\珠宝头冠.png,https://playerhub.df.qq.com/playerhub/60004/object/p_15080050133.png,downloaded,
金,脑机relink医疗报告,金\脑机relink医疗报告.png,https://playerhub.df.qq.com/playerhub/60004/object/p_15200000031.png,downloaded,
金,军用炸药,金\军用炸药.png,https://playerhub.df.qq.com/playerhub/60004/object/p_15030050019.png,downloaded,
金,单反相机,金\单反相机.png,https://playerhub.df.qq.com/playerhub/60004/object/p_15080050034.png,downloaded,
金,检眼镜,金\检眼镜.png,https://playerhub.df.qq.com/playerhub/60004/object/p_15080050212.png,downloaded,
金,镜头,金\镜头.png,https://playerhub.df.qq.com/playerhub/60004/object/p_15030040001.png,downloaded,
金,A作战计划书,金\A作战计划书.png,https://playerhub.df.qq.com/playerhub/60004/object/p_15080050191.png,downloaded,
金,军用望远镜,金\军用望远镜.png,https://playerhub.df.qq.com/playerhub/60004/object/p_15080050035.png,downloaded,
金,紫外线灯,金\紫外线灯.png,https://playerhub.df.qq.com/playerhub/60004/object/p_15080050118.png,downloaded,
金,精密头盔维修包,金\精密头盔维修包.png,https://playerhub.df.qq.com/playerhub/60004/object/p_14060000001.png,downloaded,
金,军用弹道计算机,金\军用弹道计算机.png,https://playerhub.df.qq.com/playerhub/60004/object/p_15080050089.png,downloaded,
金,荷美尔陶俑,金\荷美尔陶俑.png,https://playerhub.df.qq.com/playerhub/60004/object/p_15080050135.png,downloaded,
金,哮喘吸入器,金\哮喘吸入器.png,https://playerhub.df.qq.com/playerhub/60004/object/p_15080050195.png,downloaded,
金,渡鸦项坠,金\渡鸦项坠.png,https://playerhub.df.qq.com/playerhub/60004/object/p_15080050164.png,downloaded,
金,赛伊德的手弩,金\赛伊德的手弩.png,https://playerhub.df.qq.com/playerhub/60004/object/p_15080050094.png,downloaded,
金,卫队金扳指,金\卫队金扳指.png,https://playerhub.df.qq.com/playerhub/60004/object/p_15080050092.png,downloaded,
金,雷斯的乐谱本,金\雷斯的乐谱本.png,https://playerhub.df.qq.com/playerhub/60004/object/p_15080050013.png,downloaded,
金,金枝桂冠,金\金枝桂冠.png,https://playerhub.df.qq.com/playerhub/60004/object/p_15080050138.png,downloaded,
金,卫星电话,金\卫星电话.png,https://playerhub.df.qq.com/playerhub/60004/object/p_15080050126.png,downloaded,
金,格赫罗斯的审判,金\格赫罗斯的审判.png,https://playerhub.df.qq.com/playerhub/60004/object/p_15200000118.png,downloaded,
金,液压破门器,金\液压破门器.png,https://playerhub.df.qq.com/playerhub/60004/object/p_15080050179.png,downloaded,
金,静脉定位器,金\静脉定位器.png,https://playerhub.df.qq.com/playerhub/60004/object/p_15060040001.png,downloaded,
金,功绩勋章,金\功绩勋章.png,https://playerhub.df.qq.com/playerhub/60004/object/p_15080050004.png,downloaded,
金,飞行员眼镜,金\飞行员眼镜.png,https://playerhub.df.qq.com/playerhub/60004/object/p_15080050180.png,downloaded,
金,“蓝宝石”龙舌兰,金\“蓝宝石”龙舌兰.png,https://playerhub.df.qq.com/playerhub/60004/object/p_15080050132.png,downloaded,
金,潮汐监狱地图-3,金\潮汐监狱地图-3.png,https://playerhub.df.qq.com/playerhub/60004/object/p_15080050150.png,downloaded,
金,心脏支架,金\心脏支架.png,https://playerhub.df.qq.com/playerhub/60004/object/p_15080050129.png,downloaded,
金,高速固态硬盘,金\高速固态硬盘.png,https://playerhub.df.qq.com/playerhub/60004/object/p_15080050090.png,downloaded,
金,航天测试数据,金\航天测试数据.png,https://playerhub.df.qq.com/playerhub/60004/object/p_15080050188.png,downloaded,
金,数码相机,金\数码相机.png,https://playerhub.df.qq.com/playerhub/60004/object/p_15030050006.png,downloaded,
金,可编程处理器,金\可编程处理器.png,https://playerhub.df.qq.com/playerhub/60004/object/p_15030050003.png,downloaded,
金,资料：设计图纸,金\资料：设计图纸.png,https://playerhub.df.qq.com/playerhub/60004/object/p_15070040001.png,downloaded,
金,心灵感应.魔方,金\心灵感应.魔方.png,https://playerhub.df.qq.com/playerhub/60004/object/p_15200000032.png,downloaded,
金,咖啡,金\咖啡.png,https://playerhub.df.qq.com/playerhub/60004/object/p_15060080014.png,downloaded,
金,固体燃料,金\固体燃料.png,https://playerhub.df.qq.com/playerhub/60004/object/p_15080050101.png,downloaded,
金,优秀雇员奖杯,金\优秀雇员奖杯.png,https://playerhub.df.qq.com/playerhub/60004/object/p_15080050093.png,downloaded,
金,陆军万用表,金\陆军万用表.png,https://playerhub.df.qq.com/playerhub/60004/object/p_15080050174.png,downloaded,
金,纯金打火机,金\纯金打火机.png,https://playerhub.df.qq.com/playerhub/60004/object/p_15080050002.png,downloaded,
金,手机,金\手机.png,https://playerhub.df.qq.com/playerhub/60004/object/p_15030040013.png,downloaded,
金,CPU,金\CPU.png,https://playerhub.df.qq.com/playerhub/60004/object/p_15030040003.png,downloaded,
金,阿萨拉特色酒杯,金\阿萨拉特色酒杯.png,https://playerhub.df.qq.com/playerhub/60004/object/p_15080050015.png,downloaded,
金,血氧仪,金\血氧仪.png,https://playerhub.df.qq.com/playerhub/60004/object/p_15060040003.png,downloaded,
金,金笔,金\金笔.png,https://playerhub.df.qq.com/playerhub/60004/object/p_15080050165.png,downloaded,
金,E型滤毒罐,金\E型滤毒罐.png,https://playerhub.df.qq.com/playerhub/60004/object/p_15040010019.png,downloaded,
金,军用网络模块,金\军用网络模块.png,https://playerhub.df.qq.com/playerhub/60004/object/p_15080050168.png,downloaded,
金,脑机控制端子,金\脑机控制端子.png,https://playerhub.df.qq.com/playerhub/60004/object/p_15080050095.png,downloaded,
金,营养粥罐头,金\营养粥罐头.png,https://playerhub.df.qq.com/playerhub/60004/object/p_15080050162.png,downloaded,
金,发条八音盒,金\发条八音盒.png,https://playerhub.df.qq.com/playerhub/60004/object/p_15080050137.png,downloaded,
金,海鲜粥罐头,金\海鲜粥罐头.png,https://playerhub.df.qq.com/playerhub/60004/object/p_15080050163.png,downloaded,
金,体内除颤器,金\体内除颤器.png,https://playerhub.df.qq.com/playerhub/60004/object/p_15080050115.png,downloaded,
金,亮闪闪的海盗金币,金\亮闪闪的海盗金币.png,https://playerhub.df.qq.com/playerhub/60004/object/p_15080050009.png,downloaded,
金,藏秘筒,金\藏秘筒.png,https://playerhub.df.qq.com/playerhub/60004/object/p_15080050140.png,downloaded,
金,三角蚌小珍珠,金\三角蚌小珍珠.png,https://playerhub.df.qq.com/playerhub/60004/object/p_15080050143.png,downloaded,
金,潮汐监狱地图-2,金\潮汐监狱地图-2.png,https://playerhub.df.qq.com/playerhub/60004/object/p_15080050149.png,downloaded,
金,潮汐监狱地图-1,金\潮汐监狱地图-1.png,https://playerhub.df.qq.com/playerhub/60004/object/p_15080050148.png,downloaded,
紫,马赛克灯台,紫\马赛克灯台.png,https://playerhub.df.qq.com/playerhub/60004/object/p_15080050134.png,downloaded,
紫,仪典匕首,紫\仪典匕首.png,https://playerhub.df.qq.com/playerhub/60004/object/p_15080050043.png,downloaded,
紫,普罗透斯干扰器,紫\普罗透斯干扰器.png,https://playerhub.df.qq.com/playerhub/60004/object/p_14070000016.png,downloaded,
紫,电动车电池,紫\电动车电池.png,https://playerhub.df.qq.com/playerhub/60004/object/p_15040040007.png,downloaded,
紫,体能强化剂,紫\体能强化剂.png,https://playerhub.df.qq.com/playerhub/60004/object/p_14070000007.png,downloaded,
紫,军用热像仪,紫\军用热像仪.png,https://playerhub.df.qq.com/playerhub/60004/object/p_15080050036.png,downloaded,
紫,小糖人姜饼人,紫\小糖人姜饼人.png,https://playerhub.df.qq.com/playerhub/60004/object/p_15080050183.png,downloaded,
紫,离心机,紫\离心机.png,https://playerhub.df.qq.com/playerhub/60004/object/p_15080050117.png,downloaded,
紫,高出力粉碎钳,紫\高出力粉碎钳.png,https://playerhub.df.qq.com/playerhub/60004/object/p_15020010024.png,downloaded,
紫,生化培养箱,紫\生化培养箱.png,https://playerhub.df.qq.com/playerhub/60004/object/p_15080050127.png,downloaded,
紫,广角镜头,紫\广角镜头.png,https://playerhub.df.qq.com/playerhub/60004/object/p_15080050037.png,downloaded,
紫,海盗弯刀,紫\海盗弯刀.png,https://playerhub.df.qq.com/playerhub/60004/object/p_15080040002.png,downloaded,
紫,标准头盔维修包,紫\标准头盔维修包.png,https://playerhub.df.qq.com/playerhub/60004/object/p_14060000005.png,downloaded,
紫,户外医疗箱,紫\户外医疗箱.png,https://playerhub.df.qq.com/playerhub/60004/object/p_14020000005.png,downloaded,
紫,无菌敷料包,紫\无菌敷料包.png,https://playerhub.df.qq.com/playerhub/60004/object/p_15080050057.png,downloaded,
紫,自旋型手锯,紫\自旋型手锯.png,https://playerhub.df.qq.com/playerhub/60004/object/p_15020050001.png,downloaded,
紫,ASOS电脑主板,紫\ASOS电脑主板.png,https://playerhub.df.qq.com/playerhub/60004/object/p_15030040007.png,downloaded,
紫,感知强化剂,紫\感知强化剂.png,https://playerhub.df.qq.com/playerhub/60004/object/p_14070000005.png,downloaded,
紫,已损坏的热像仪,紫\已损坏的热像仪.png,https://playerhub.df.qq.com/playerhub/60004/object/p_15040050003.png,downloaded,
紫,清新橘味能量凝胶,紫\清新橘味能量凝胶.png,https://playerhub.df.qq.com/playerhub/60004/object/p_15060080008.png,downloaded,
紫,标准护甲维修包,紫\标准护甲维修包.png,https://playerhub.df.qq.com/playerhub/60004/object/p_14060000006.png,downloaded,
紫,加密路由器,紫\加密路由器.png,https://playerhub.df.qq.com/playerhub/60004/object/p_15080050045.png,downloaded,
紫,军用露营灯,紫\军用露营灯.png,https://playerhub.df.qq.com/playerhub/60004/object/p_15080050105.png,downloaded,
紫,M2肌肉注射剂,紫\M2肌肉注射剂.png,https://playerhub.df.qq.com/playerhub/60004/object/p_14070000003.png,downloaded,
紫,血压仪,紫\血压仪.png,https://playerhub.df.qq.com/playerhub/60004/object/p_15060040002.png,downloaded,
紫,胶囊咖啡机套组,紫\胶囊咖啡机套组.png,https://playerhub.df.qq.com/playerhub/60004/object/p_15080050068.png,downloaded,
紫,固态硬盘,紫\固态硬盘.png,https://playerhub.df.qq.com/playerhub/60004/object/p_15030040005.png,downloaded,
紫,阿萨拉特色提灯,紫\阿萨拉特色提灯.png,https://playerhub.df.qq.com/playerhub/60004/object/p_15080050124.png,downloaded,
紫,专业声卡,紫\专业声卡.png,https://playerhub.df.qq.com/playerhub/60004/object/p_15080050038.png,downloaded,
紫,燃气喷灯,紫\燃气喷灯.png,https://playerhub.df.qq.com/playerhub/60004/object/p_15080050103.png,downloaded,
紫,GS5 手柄,紫\GS5 手柄.png,https://playerhub.df.qq.com/playerhub/60004/object/p_15030050011.png,downloaded,
紫,阿萨拉风情水壶,紫\阿萨拉风情水壶.png,https://playerhub.df.qq.com/playerhub/60004/object/p_15040010014.png,downloaded,
紫,特种钢,紫\特种钢.png,https://zzz.sanyueqi.cn/public/df/object/2025/1759074910747_02.png,downloaded,
紫,便携音响,紫\便携音响.png,https://playerhub.df.qq.com/playerhub/60004/object/p_15080050091.png,downloaded,
紫,内存条,紫\内存条.png,https://playerhub.df.qq.com/playerhub/60004/object/p_15030040006.png,downloaded,
紫,DEK野战手术包,紫\DEK野战手术包.png,https://playerhub.df.qq.com/playerhub/60004/object/p_14030000003.png,downloaded,
紫,HIFI声卡,紫\HIFI声卡.png,https://playerhub.df.qq.com/playerhub/60004/object/p_15030050005.png,downloaded,
紫,阿萨拉特色酒壶,紫\阿萨拉特色酒壶.png,https://playerhub.df.qq.com/playerhub/60004/object/p_15080050016.png,downloaded,
紫,人工膝关节,紫\人工膝关节.png,https://playerhub.df.qq.com/playerhub/60004/object/p_15080050114.png,downloaded,
紫,收音机,紫\收音机.png,https://playerhub.df.qq.com/playerhub/60004/object/p_15030040012.png,downloaded,
紫,便携生存套组,紫\便携生存套组.png,https://playerhub.df.qq.com/playerhub/60004/object/p_15080050106.png,downloaded,
紫,阿萨拉卫队机密档案,紫\阿萨拉卫队机密档案.png,https://playerhub.df.qq.com/playerhub/60004/object/p_15080050064.png,downloaded,
紫,DVE止疼片,紫\DVE止疼片.png,https://playerhub.df.qq.com/playerhub/60004/object/p_14050000003.png,downloaded,
紫,残缺的档案,紫\残缺的档案.png,https://playerhub.df.qq.com/playerhub/60004/object/p_15080050181.png,downloaded,
紫,鳄鱼蛋,紫\鳄鱼蛋.png,https://playerhub.df.qq.com/playerhub/60004/object/p_15080050136.png,downloaded,
紫,信号棒,紫\信号棒.png,https://playerhub.df.qq.com/playerhub/60004/object/p_15080050102.png,downloaded,
紫,OLIGHT WARRIOR 3S联名手电,紫\OLIGHT WARRIOR 3S联名手电.png,https://playerhub.df.qq.com/playerhub/60004/object/p_15200000044.png,downloaded,
紫,鼻通,紫\鼻通.png,https://playerhub.df.qq.com/playerhub/60004/object/p_15080050218.png,downloaded,
紫,爽身粉,紫\爽身粉.png,https://playerhub.df.qq.com/playerhub/60004/object/p_15080050219.png,downloaded,
紫,黄金饰章,紫\黄金饰章.png,https://playerhub.df.qq.com/playerhub/60004/object/p_15080050018.png,downloaded,
紫,间谍笔,紫\间谍笔.png,https://playerhub.df.qq.com/playerhub/60004/object/p_15040010015.png,downloaded,
紫,加密手记,紫\加密手记.png,https://playerhub.df.qq.com/playerhub/60004/object/p_15080050216.png,downloaded,
紫,植物样本,紫\植物样本.png,https://playerhub.df.qq.com/playerhub/60004/object/p_15080050119.png,downloaded,
紫,袖珍录像带,紫\袖珍录像带.png,https://playerhub.df.qq.com/playerhub/60004/object/p_15080050172.png,downloaded,
紫,聚乙烯纤维,紫\聚乙烯纤维.png,https://zzz.sanyueqi.cn/public/df/object/2025/1759074876538_01.png,downloaded,
紫,后妃耳环,紫\后妃耳环.png,https://playerhub.df.qq.com/playerhub/60004/object/p_15080050001.png,downloaded,
紫,犄角墙饰,紫\犄角墙饰.png,https://playerhub.df.qq.com/playerhub/60004/object/p_15080040003.png,downloaded,
紫,生津柠檬茶,紫\生津柠檬茶.png,https://playerhub.df.qq.com/playerhub/60004/object/p_15060080005.png,downloaded,
紫,电动牙刷,紫\电动牙刷.png,https://playerhub.df.qq.com/playerhub/60004/object/p_15080050215.png,downloaded,
紫,急救喷雾,紫\急救喷雾.png,https://playerhub.df.qq.com/playerhub/60004/object/p_15080050214.png,downloaded,
紫,典雅咖啡杯,紫\典雅咖啡杯.png,https://playerhub.df.qq.com/playerhub/60004/object/p_15080050182.png,downloaded,
紫,图腾箭矢,紫\图腾箭矢.png,https://playerhub.df.qq.com/playerhub/60004/object/p_15080050139.png,downloaded,
紫,电子干扰器,紫\电子干扰器.png,https://playerhub.df.qq.com/playerhub/60004/object/p_15030040014.png,downloaded,
紫,资料：军事情报,紫\资料：军事情报.png,https://playerhub.df.qq.com/playerhub/60004/object/p_15070050002.png,downloaded,
蓝,一包水泥,蓝\一包水泥.png,https://playerhub.df.qq.com/playerhub/60004/object/p_15020010015.png,downloaded,
蓝,大豆蛋白粉包,蓝\大豆蛋白粉包.png,https://playerhub.df.qq.com/playerhub/60004/object/p_15060080016.png,downloaded,
蓝,无线便携电钻,蓝\无线便携电钻.png,https://playerhub.df.qq.com/playerhub/60004/object/p_15020050002.png,downloaded,
蓝,医疗无人机,蓝\医疗无人机.png,https://playerhub.df.qq.com/playerhub/60004/object/p_15090010041.png,downloaded,
蓝,机械破障锤,蓝\机械破障锤.png,https://playerhub.df.qq.com/playerhub/60004/object/p_15020010018.png,downloaded,
蓝,军情录音,蓝\军情录音.png,https://playerhub.df.qq.com/playerhub/60004/object/p_15080050096.png,downloaded,
蓝,太阳能板,蓝\太阳能板.png,https://playerhub.df.qq.com/playerhub/60004/object/p_15030050016.png,downloaded,
蓝,OE2战斗兴奋剂,蓝\OE2战斗兴奋剂.png,https://playerhub.df.qq.com/playerhub/60004/object/p_14070000008.png,downloaded,
蓝,体能激活针,蓝\体能激活针.png,https://playerhub.df.qq.com/playerhub/60004/object/p_14070000006.png,downloaded,
蓝,芳纶纤维,蓝\芳纶纤维.png,https://zzz.sanyueqi.cn/public/df/object/2025/1759074926030_03.png,downloaded,
蓝,轻型户外炉具,蓝\轻型户外炉具.png,https://playerhub.df.qq.com/playerhub/60004/object/p_15080050109.png,downloaded,
蓝,燃气罐,蓝\燃气罐.png,https://playerhub.df.qq.com/playerhub/60004/object/p_15020010037.png,downloaded,
蓝,一桶油漆,蓝\一桶油漆.png,https://playerhub.df.qq.com/playerhub/60004/object/p_15020010016.png,downloaded,
蓝,火药,蓝\火药.png,https://playerhub.df.qq.com/playerhub/60004/object/p_15040010017.png,downloaded,
蓝,骨锯,蓝\骨锯.png,https://playerhub.df.qq.com/playerhub/60004/object/p_15080050065.png,downloaded,
蓝,“起舞的女郎”挂饰,蓝\“起舞的女郎”挂饰.png,https://playerhub.df.qq.com/playerhub/60004/object/p_15080050012.png,downloaded,
蓝,液晶显示屏,蓝\液晶显示屏.png,https://playerhub.df.qq.com/playerhub/60004/object/p_15030040010.png,downloaded,
蓝,自制护甲维修包,蓝\自制护甲维修包.png,https://playerhub.df.qq.com/playerhub/60004/object/p_14060000008.png,downloaded,
蓝,感知激活针,蓝\感知激活针.png,https://playerhub.df.qq.com/playerhub/60004/object/p_14070000004.png,downloaded,
蓝,枪械零件,蓝\枪械零件.png,https://playerhub.df.qq.com/playerhub/60004/object/p_15040010021.png,downloaded,
蓝,电子温度计,蓝\电子温度计.png,https://playerhub.df.qq.com/playerhub/60004/object/p_15080050039.png,downloaded,
蓝,听诊器,蓝\听诊器.png,https://playerhub.df.qq.com/playerhub/60004/object/p_15060010006.png,downloaded,
蓝,阿萨拉时尚周刊,蓝\阿萨拉时尚周刊.png,https://playerhub.df.qq.com/playerhub/60004/object/p_15080050021.png,downloaded,
蓝,自制头盔维修包,蓝\自制头盔维修包.png,https://playerhub.df.qq.com/playerhub/60004/object/p_14060000007.png,downloaded,
蓝,高精数显卡尺,蓝\高精数显卡尺.png,https://playerhub.df.qq.com/playerhub/60004/object/p_15020010023.png,downloaded,
蓝,M1肌肉强化针,蓝\M1肌肉强化针.png,https://playerhub.df.qq.com/playerhub/60004/object/p_14070000001.png,downloaded,
蓝,电子显微镜,蓝\电子显微镜.png,https://playerhub.df.qq.com/playerhub/60004/object/p_15080050116.png,downloaded,
蓝,初级子弹生产零件,蓝\初级子弹生产零件.png,https://playerhub.df.qq.com/playerhub/60004/object/p_15080050023.png,downloaded,
蓝,情报文件,蓝\情报文件.png,https://playerhub.df.qq.com/playerhub/60004/object/p_15070050003.png,downloaded,
蓝,低级燃料,蓝\低级燃料.png,https://playerhub.df.qq.com/playerhub/60004/object/p_15020010034.png,downloaded,
蓝,英式袋泡茶,蓝\英式袋泡茶.png,https://playerhub.df.qq.com/playerhub/60004/object/p_15080050074.png,downloaded,
蓝,摩卡咖啡壶,蓝\摩卡咖啡壶.png,https://playerhub.df.qq.com/playerhub/60004/object/p_15080050072.png,downloaded,
蓝,木雕烟斗,蓝\木雕烟斗.png,https://playerhub.df.qq.com/playerhub/60004/object/p_15080050075.png,downloaded,
蓝,鸟雕,蓝\鸟雕.png,https://playerhub.df.qq.com/playerhub/60004/object/p_15080050193.png,downloaded,
蓝,军用罐头,蓝\军用罐头.png,https://playerhub.df.qq.com/playerhub/60004/object/p_15060080013.png,downloaded,
蓝,可乐,蓝\可乐.png,https://playerhub.df.qq.com/playerhub/60004/object/p_15060080011.png,downloaded,
蓝,野战急救包,蓝\野战急救包.png,https://playerhub.df.qq.com/playerhub/60004/object/p_14020000004.png,downloaded,
蓝,糖三角,蓝\糖三角.png,https://playerhub.df.qq.com/playerhub/60004/object/p_15080050076.png,downloaded,
蓝,音频播放器,蓝\音频播放器.png,https://playerhub.df.qq.com/playerhub/60004/object/p_15030010008.png,downloaded,
蓝,三角洲特种部队：刺刀特遣队,蓝\三角洲特种部队：刺刀特遣队.png,https://zzz.sanyueqi.cn/public/df/object/2025/1759074943020_04.png,downloaded,
蓝,古老的海盗望远镜,蓝\古老的海盗望远镜.png,https://playerhub.df.qq.com/playerhub/60004/object/p_15080050011.png,downloaded,
蓝,额温枪,蓝\额温枪.png,https://playerhub.df.qq.com/playerhub/60004/object/p_15060010004.png,downloaded,
蓝,古怪的海盗银币,蓝\古怪的海盗银币.png,https://playerhub.df.qq.com/playerhub/60004/object/p_15080050008.png,downloaded,
蓝,三角洲特种部队：黑鹰坠落-战队之刃,蓝\三角洲特种部队：黑鹰坠落-战队之刃.png,https://zzz.sanyueqi.cn/public/df/object/2025/1759074958634_05.png,downloaded,
蓝,腕带,蓝\腕带.png,https://playerhub.df.qq.com/playerhub/60004/object/p_15080050194.png,downloaded,
蓝,转换插座,蓝\转换插座.png,https://playerhub.df.qq.com/playerhub/60004/object/p_15040010022.png,downloaded,
蓝,维生素泡腾片,蓝\维生素泡腾片.png,https://playerhub.df.qq.com/playerhub/60004/object/p_15080050073.png,downloaded,
蓝,U盘,蓝\U盘.png,https://playerhub.df.qq.com/playerhub/60004/object/p_15070010001.png,downloaded,
蓝,狩猎火柴,蓝\狩猎火柴.png,https://playerhub.df.qq.com/playerhub/60004/object/p_15080050107.png,downloaded,
蓝,继电器,蓝\继电器.png,https://playerhub.df.qq.com/playerhub/60004/object/p_15020050008.png,downloaded,
蓝,无线耳机,蓝\无线耳机.png,https://playerhub.df.qq.com/playerhub/60004/object/p_15080050217.png,downloaded,
蓝,摄像头,蓝\摄像头.png,https://playerhub.df.qq.com/playerhub/60004/object/p_15030040002.png,downloaded,
蓝,医用酒精,蓝\医用酒精.png,https://playerhub.df.qq.com/playerhub/60004/object/p_15060010007.png,downloaded,
蓝,多用途电池,蓝\多用途电池.png,https://playerhub.df.qq.com/playerhub/60004/object/p_15080050108.png,downloaded,
蓝,香喷喷炒面,蓝\香喷喷炒面.png,https://playerhub.df.qq.com/playerhub/60004/object/p_15060080010.png,downloaded,
蓝,存储卡,蓝\存储卡.png,https://playerhub.df.qq.com/playerhub/60004/object/p_15070010002.png,downloaded,
蓝,军用移动电源,蓝\军用移动电源.png,https://playerhub.df.qq.com/playerhub/60004/object/p_15030010001.png,downloaded,
蓝,去甲肾上腺素,蓝\去甲肾上腺素.png,https://playerhub.df.qq.com/playerhub/60004/object/p_14070000009.png,downloaded,
蓝,身份牌,蓝\身份牌.png,https://playerhub.df.qq.com/playerhub/60004/object/p_15080050213.png,downloaded,
蓝,资料：商业文件,蓝\资料：商业文件.png,https://playerhub.df.qq.com/playerhub/60004/object/p_15070040002.png,downloaded,
绿,阿萨拉特色陶瓷,绿\阿萨拉特色陶瓷.png,https://playerhub.df.qq.com/playerhub/60004/object/p_15080050017.png,downloaded,
绿,石工锤,绿\石工锤.png,https://playerhub.df.qq.com/playerhub/60004/object/p_15080050084.png,downloaded,
绿,手锯,绿\手锯.png,https://playerhub.df.qq.com/playerhub/60004/object/p_15080050087.png,downloaded,
绿,太阳碟,绿\太阳碟.png,https://playerhub.df.qq.com/playerhub/60004/object/p_15080010004.png,downloaded,
绿,键盘,绿\键盘.png,https://playerhub.df.qq.com/playerhub/60004/object/p_15030010014.png,downloaded,
绿,电源,绿\电源.png,https://playerhub.df.qq.com/playerhub/60004/object/p_15030010011.png,downloaded,
绿,古老的斯芬克斯像,绿\古老的斯芬克斯像.png,https://playerhub.df.qq.com/playerhub/60004/object/p_15040010003.png,downloaded,
绿,战术快拆手术包,绿\战术快拆手术包.png,https://playerhub.df.qq.com/playerhub/60004/object/p_14030000002.png,downloaded,
绿,DVD光驱,绿\DVD光驱.png,https://playerhub.df.qq.com/playerhub/60004/object/p_15030010007.png,downloaded,
绿,调料套组,绿\调料套组.png,https://playerhub.df.qq.com/playerhub/60004/object/p_15080050077.png,downloaded,
绿,强效注射器,绿\强效注射器.png,https://playerhub.df.qq.com/playerhub/60004/object/p_14020000003.png,downloaded,
绿,瓶装抗生素,绿\瓶装抗生素.png,https://playerhub.df.qq.com/playerhub/60004/object/p_14050000002.png,downloaded,
绿,风冷散热器,绿\风冷散热器.png,https://playerhub.df.qq.com/playerhub/60004/object/p_15030010018.png,downloaded,
绿,非洲鼓,绿\非洲鼓.png,https://playerhub.df.qq.com/playerhub/60004/object/p_15080010003.png,downloaded,
绿,阿萨拉新闻周刊,绿\阿萨拉新闻周刊.png,https://zzz.sanyueqi.cn/public/df/object/2025/1759074986771_07.png,downloaded,
绿,袋装咖啡豆,绿\袋装咖啡豆.png,https://zzz.sanyueqi.cn/public/df/img/kafeidou.png,downloaded,
绿,非洲木雕,绿\非洲木雕.png,https://playerhub.df.qq.com/playerhub/60004/object/p_15080040005.png,downloaded,
绿,阿萨拉娱乐月刊,绿\阿萨拉娱乐月刊.png,https://zzz.sanyueqi.cn/public/df/object/2025/1759074973613_06.png,downloaded,
绿,私密笔记簿,绿\私密笔记簿.png,https://playerhub.df.qq.com/playerhub/60004/object/p_15090910017.png,downloaded,
绿,残弹挂坠,绿\残弹挂坠.png,https://playerhub.df.qq.com/playerhub/60004/object/p_15080040004.png,downloaded,
绿,酒店宣传海报,绿\酒店宣传海报.png,https://playerhub.df.qq.com/playerhub/60004/object/p_15080050019.png,downloaded,
绿,签章联运单,绿\签章联运单.png,https://playerhub.df.qq.com/playerhub/60004/object/p_15090910022.png,downloaded,
绿,锈迹斑斑的海盗铜币,绿\锈迹斑斑的海盗铜币.png,https://playerhub.df.qq.com/playerhub/60004/object/p_15080050007.png,downloaded,
绿,水平仪,绿\水平仪.png,https://playerhub.df.qq.com/playerhub/60004/object/p_15020040004.png,downloaded,
绿,原木木板,绿\原木木板.png,https://playerhub.df.qq.com/playerhub/60004/object/p_15020010008.png,downloaded,
绿,电动爆破锤,绿\电动爆破锤.png,https://playerhub.df.qq.com/playerhub/60004/object/p_15020010007.png,downloaded,
绿,建筑图纸4号,绿\建筑图纸4号.png,https://playerhub.df.qq.com/playerhub/60004/object/p_15070010008.png,downloaded,
绿,压力计,绿\压力计.png,https://playerhub.df.qq.com/playerhub/60004/object/p_15020040003.png,downloaded,
绿,建筑图纸2号,绿\建筑图纸2号.png,https://playerhub.df.qq.com/playerhub/60004/object/p_15070010006.png,downloaded,
绿,角磨机,绿\角磨机.png,https://playerhub.df.qq.com/playerhub/60004/object/p_15020010021.png,downloaded,
绿,超高频读卡器,绿\超高频读卡器.png,https://playerhub.df.qq.com/playerhub/60004/object/p_15030040011.png,downloaded,
绿,喷漆,绿\喷漆.png,https://playerhub.df.qq.com/playerhub/60004/object/p_15020010030.png,downloaded,
绿,建筑图纸3号,绿\建筑图纸3号.png,https://playerhub.df.qq.com/playerhub/60004/object/p_15070010007.png,downloaded,
绿,充电电池组,绿\充电电池组.png,https://playerhub.df.qq.com/playerhub/60004/object/p_15080050110.png,downloaded,
绿,LED灯管,绿\LED灯管.png,https://playerhub.df.qq.com/playerhub/60004/object/p_15020010032.png,downloaded,
绿,个人信笺,绿\个人信笺.png,https://playerhub.df.qq.com/playerhub/60004/object/p_15090910023.png,downloaded,
绿,建筑图纸5号,绿\建筑图纸5号.png,https://playerhub.df.qq.com/playerhub/60004/object/p_15070010009.png,downloaded,
绿,建筑图纸1号,绿\建筑图纸1号.png,https://playerhub.df.qq.com/playerhub/60004/object/p_15070010005.png,downloaded,
绿,野外能量棒,绿\野外能量棒.png,https://playerhub.df.qq.com/playerhub/60004/object/p_15060080009.png,downloaded,
绿,强力胶,绿\强力胶.png,https://playerhub.df.qq.com/playerhub/60004/object/p_15080050080.png,downloaded,
绿,电容,绿\电容.png,https://playerhub.df.qq.com/playerhub/60004/object/p_15020050007.png,downloaded,
绿,9V电池,绿\9V电池.png,https://playerhub.df.qq.com/playerhub/60004/object/p_15080050111.png,downloaded,
绿,螺丝刀,绿\螺丝刀.png,https://playerhub.df.qq.com/playerhub/60004/object/p_15020010005.png,downloaded,
绿,当地再制咖啡,绿\当地再制咖啡.png,https://playerhub.df.qq.com/playerhub/60004/object/p_15080050079.png,downloaded,
绿,小药瓶,绿\小药瓶.png,https://playerhub.df.qq.com/playerhub/60004/object/p_15060010003.png,downloaded,
绿,手机电池,绿\手机电池.png,https://playerhub.df.qq.com/playerhub/60004/object/p_15030010002.png,downloaded,
绿,印刷电路板,绿\印刷电路板.png,https://playerhub.df.qq.com/playerhub/60004/object/p_15030010013.png,downloaded,
绿,电火机,绿\电火机.png,https://playerhub.df.qq.com/playerhub/60004/object/p_15010010013.png,downloaded,
绿,输液工具,绿\输液工具.png,https://playerhub.df.qq.com/playerhub/60004/object/p_15060010012.png,downloaded,
绿,尖嘴钳,绿\尖嘴钳.png,https://playerhub.df.qq.com/playerhub/60004/object/p_15020010019.png,downloaded,
绿,机械硬盘,绿\机械硬盘.png,https://playerhub.df.qq.com/playerhub/60004/object/p_15030010019.png,downloaded,
绿,苹果,绿\苹果.png,https://playerhub.df.qq.com/playerhub/60004/object/p_15060080001.png,downloaded,
绿,手术镊子,绿\手术镊子.png,https://playerhub.df.qq.com/playerhub/60004/object/p_15060010002.png,downloaded,
绿,迷你氢电池,绿\迷你氢电池.png,https://playerhub.df.qq.com/playerhub/60004/object/p_15010010015.png,downloaded,
绿,模拟温度计,绿\模拟温度计.png,https://playerhub.df.qq.com/playerhub/60004/object/p_15020010027.png,downloaded,
绿,电线,绿\电线.png,https://playerhub.df.qq.com/playerhub/60004/object/p_15020010012.png,downloaded,
绿,波纹软管,绿\波纹软管.png,https://playerhub.df.qq.com/playerhub/60004/object/p_15020010026.png,downloaded,
绿,电笔,绿\电笔.png,https://playerhub.df.qq.com/playerhub/60004/object/p_15020010020.png,downloaded,
绿,插座,绿\插座.png,https://playerhub.df.qq.com/playerhub/60004/object/p_15040010012.png,downloaded,
绿,便携液压扳手,绿\便携液压扳手.png,https://playerhub.df.qq.com/playerhub/60004/object/p_15020010017.png,downloaded,
绿,盐溶液,绿\盐溶液.png,https://playerhub.df.qq.com/playerhub/60004/object/p_15060010001.png,downloaded,
绿,注射器,绿\注射器.png,https://playerhub.df.qq.com/playerhub/60004/object/p_15060010010.png,downloaded,
绿,纯净水,绿\纯净水.png,https://playerhub.df.qq.com/playerhub/60004/object/p_15060080006.png,downloaded,
绿,无糖缓释能量棒,绿\无糖缓释能量棒.png,https://playerhub.df.qq.com/playerhub/60004/object/p_15060080004.png,downloaded,
白,扑克牌-4,白\扑克牌-4.png,https://playerhub.df.qq.com/playerhub/60004/object/p_15080050052.png,downloaded,
白,扑克牌-2,白\扑克牌-2.png,https://playerhub.df.qq.com/playerhub/60004/object/p_15080050054.png,downloaded,
白,扑克牌-5,白\扑克牌-5.png,https://playerhub.df.qq.com/playerhub/60004/object/p_15080050051.png,downloaded,
白,扑克牌-3,白\扑克牌-3.png,https://playerhub.df.qq.com/playerhub/60004/object/p_15080050053.png,downloaded,
白,扑克牌-小王,白\扑克牌-小王.png,https://playerhub.df.qq.com/playerhub/60004/object/p_15080050059.png,downloaded,
白,扑克牌-大王,白\扑克牌-大王.png,https://playerhub.df.qq.com/playerhub/60004/object/p_15080050060.png,downloaded,
白,羊角锤,白\羊角锤.png,https://playerhub.df.qq.com/playerhub/60004/object/p_15080050085.png,downloaded,
白,车载急救包,白\车载急救包.png,https://playerhub.df.qq.com/playerhub/60004/object/p_14020000002.png,downloaded,
白,一盒钉子,白\一盒钉子.png,https://playerhub.df.qq.com/playerhub/60004/object/p_15080050086.png,downloaded,
白,扑克牌-A,白\扑克牌-A.png,https://playerhub.df.qq.com/playerhub/60004/object/p_15080050055.png,downloaded,
白,鼠标,白\鼠标.png,https://playerhub.df.qq.com/playerhub/60004/object/p_15030010009.png,downloaded,
白,直角尺,白\直角尺.png,https://playerhub.df.qq.com/playerhub/60004/object/p_15020010014.png,downloaded,
白,CAT止血带,白\CAT止血带.png,https://playerhub.df.qq.com/playerhub/60004/object/p_14040000001.png,downloaded,
白,工具刀,白\工具刀.png,https://playerhub.df.qq.com/playerhub/60004/object/p_15020010006.png,downloaded,
白,简易手术包,白\简易手术包.png,https://playerhub.df.qq.com/playerhub/60004/object/p_14030000001.png,downloaded,
白,盒装蜡烛,白\盒装蜡烛.png,https://playerhub.df.qq.com/playerhub/60004/object/p_15080050112.png,downloaded,
白,含氟牙膏,白\含氟牙膏.png,https://playerhub.df.qq.com/playerhub/60004/object/p_15010010004.png,downloaded,
白,军情照片,白\军情照片.png,https://playerhub.df.qq.com/playerhub/60004/object/p_15090010024.png,downloaded,
白,人像照片,白\人像照片.png,https://playerhub.df.qq.com/playerhub/60004/object/p_15090010026.png,downloaded,
白,样本试管,白\样本试管.png,https://playerhub.df.qq.com/playerhub/60004/object/p_15090010077.png,downloaded,
白,当地小报,白\当地小报.png,https://playerhub.df.qq.com/playerhub/60004/object/p_15090910016.png,downloaded,
白,缓释止痛片,白\缓释止痛片.png,https://playerhub.df.qq.com/playerhub/60004/object/p_14050000001.png,downloaded,
白,胡椒瓶,白\胡椒瓶.png,https://playerhub.df.qq.com/playerhub/60004/object/p_15080050081.png,downloaded,
白,简易注射器,白\简易注射器.png,https://playerhub.df.qq.com/playerhub/60004/object/p_14020000001.png,downloaded,
白,油漆刷,白\油漆刷.png,https://playerhub.df.qq.com/playerhub/60004/object/p_15020010004.png,downloaded,
白,扑克牌-K,白\扑克牌-K.png,https://playerhub.df.qq.com/playerhub/60004/object/p_15040010009.png,downloaded,
白,扑克牌-Q,白\扑克牌-Q.png,https://playerhub.df.qq.com/playerhub/60004/object/p_15040010008.png,downloaded,
白,布基胶带,白\布基胶带.png,https://playerhub.df.qq.com/playerhub/60004/object/p_15020010003.png,downloaded,
白,扑克牌-J,白\扑克牌-J.png,https://playerhub.df.qq.com/playerhub/60004/object/p_15040010007.png,downloaded,
白,外科手套,白\外科手套.png,https://playerhub.df.qq.com/playerhub/60004/object/p_15060010009.png,downloaded,
白,精密工具组,白\精密工具组.png,https://playerhub.df.qq.com/playerhub/60004/object/p_15020010001.png,downloaded,
白,防水胶布,白\防水胶布.png,https://playerhub.df.qq.com/playerhub/60004/object/p_15020010002.png,downloaded,
白,音波测距卷尺,白\音波测距卷尺.png,https://playerhub.df.qq.com/playerhub/60004/object/p_15020010010.png,downloaded,
白,火柴,白\火柴.png,https://playerhub.df.qq.com/playerhub/60004/object/p_15010010008.png,downloaded,
白,网线,白\网线.png,https://playerhub.df.qq.com/playerhub/60004/object/p_15040010016.png,downloaded,
白,弹力绷带,白\弹力绷带.png,https://playerhub.df.qq.com/playerhub/60004/object/p_14040000002.png,downloaded,
白,物流信息单,白\物流信息单.png,https://playerhub.df.qq.com/playerhub/60004/object/p_15090910019.png,downloaded,
白,手术剪刀,白\手术剪刀.png,https://playerhub.df.qq.com/playerhub/60004/object/p_15060010008.png,downloaded,
白,昴星干脆面,白\昴星干脆面.png,https://zzz.sanyueqi.cn/public/df/object/2025/1759075001848_08.png,downloaded,
白,基础蛋白粉,白\基础蛋白粉.png,https://playerhub.df.qq.com/playerhub/60004/object/p_15060080003.png,downloaded,
白,酸奶,白\酸奶.png,https://playerhub.df.qq.com/playerhub/60004/object/p_15060080002.png,downloaded,
白,扑克牌-10,白\扑克牌-10.png,https://playerhub.df.qq.com/playerhub/60004/object/p_15080050046.png,downloaded,
白,资料残页,白\资料残页.png,https://playerhub.df.qq.com/playerhub/60004/object/p_15080050056.png,downloaded,
白,扑克牌-7,白\扑克牌-7.png,https://playerhub.df.qq.com/playerhub/60004/object/p_15080050049.png,downloaded,
白,扑克牌-8,白\扑克牌-8.png,https://playerhub.df.qq.com/playerhub/60004/object/p_15080050048.png,downloaded,
白,扑克牌-6,白\扑克牌-6.png,https://playerhub.df.qq.com/playerhub/60004/object/p_15080050050.png,downloaded,
白,扑克牌-9,白\扑克牌-9.png,https://playerhub.df.qq.com/playerhub/60004/object/p_15080050047.png,downloaded,
